Original Text ,TongTranslate,GPT 4o,Source,Comments
"英国安妮公主12日访新 将会见我国总统总理x

配合新英建交60周年，英国安妮公主星期三（11月12日）访问新加坡两天，并将分别会见尚达曼总统和黄循财总理。

我国外交部星期二（11日）发文告，公布安妮公主的相关行程。

根据英国王室10月下旬发布的声明，安妮公主是应英国外交、联邦和发展事务部之邀进行这次访问。","Princess Anne will visit Singapore on November 12 and meet with our President and Prime Minister

In conjunction with the 60th Anniversary of the Establishment of Diplomatic Relations between Singapore and the United Kingdom, Princess Anne will visit Singapore for two days on Wednesday, November 12, and will meet separately with Singapore President Tharman Shanmugaratnam and Prime Minister Lawrence Wong.

Our Ministry of Foreign Affairs issued a statement on Tuesday, November 11, announcing the details of Princess Anne's itinerary.

According to a statement released by the British Royal Family in late October, Princess Anne is visiting at the invitation of the Foreign, Commonwealth and Development Office.","UK’s Princess Anne to Visit Singapore on the 12th; Will Meet the President and Prime Minister

In conjunction with the 60th anniversary of the establishment of diplomatic relations between the UK and Singapore, Princess Anne will visit Singapore for two days starting Wednesday (November 12) and will separately meet President Tharman Shanmugaratnam and Prime Minister Lawrence Wong.

Singapore’s Ministry of Foreign Affairs issued a statement on Tuesday (the 11th) announcing Princess Anne’s itinerary.

According to a statement released by the British royal family in late October, Princess Anne is making this visit at the invitation of the UK’s Foreign, Commonwealth and Development Office.",https://www.zaobao.com.sg/news/singapore/story20251111-7802613," TongTranslate capitalised ""British Royal Family"" while ChatGPT did not.  TongTranslate indicated the month - November for the dates, while ChatGPT did not."
"印尼东爪哇省省长科菲法访问新加坡

印度尼西亚东爪哇省省长科菲法，星期二（11月11日）到我国进行四天访问。其间，她将会见总理黄循财等领导人。

我国外交部星期二发文告说，科菲法（Khofifah Indar Parawansa）是应外交部长维文医生的邀请，在“印新新进领袖交流计划”（RISING Fellowship）下来新访问。

除了黄总理，科菲法还将会见国务资政李显龙、教育部长李智陞以及主管回教事务代部长费绍尔副教授。维文也会设午宴款待。","Governor Khofifah Indar Parawansa of East Java Province Visits Singapore
Khofifah Indar Parawansa, the Governor of East Java Province, Indonesia, arrived in Singapore on Tuesday (November 11) for a four-day visit. During her stay, she will meet with Prime Minister Lawrence Wong and other leaders.

The Ministry of Foreign Affairs announced on Tuesday that Khofifah is visiting Singapore at the invitation of Minister for Foreign Affairs Vivian Balakrishnan, under the India-Singapore New Leaders Exchange Programme.

In addition to Prime Minister Wong, Khofifah will also meet with Senior Minister Lee Hsien Loong, Minister for Education Desmond Lee, and Acting Minister for Muslim Affairs Muhammad Faishal Ibrahim. Vivian will also host a luncheon in her honour.","East Java Governor Khofifah Visits Singapore

Khofifah, the Governor of East Java, Indonesia, began a four-day visit to Singapore on Tuesday (November 11). During her stay, she will meet Prime Minister Lawrence Wong and other leaders.

In a statement issued on Tuesday, Singapore’s Ministry of Foreign Affairs said that Khofifah Indar Parawansa is visiting Singapore at the invitation of Foreign Minister Dr. Vivian Balakrishnan under the “RISING Fellowship,” a leadership exchange program between Indonesia and Singapore.

In addition to meeting Prime Minister Wong, Khofifah will also meet Senior Minister Lee Hsien Loong, Education Minister Chan Chun Sing, and Acting Minister-in-Charge of Muslim Affairs Associate Professor Muhammad Faishal Ibrahim. Minister Balakrishnan will also host a luncheon for her.",https://www.zaobao.com.sg/news/singapore/story20251111-7802111," Minister for Foreign Affairs (TongTranslate) is the official term.  ChatGPT uses ""Foreign Minister.  TongTranslate correctly translated the name for Minister for Education, which ChatGPT did not.  ChatGPT uses the official term ""Actring Minister-in-Charge of Muslim Affairs"", while TongTranslate translates as ""Acting Minister for Muslim Affairs""."
"黄循财：迎接全球结构变革 确保新加坡繁荣与团结
确保新加坡在变化的世界中占有一席之地、保持经济竞争力，以及通过为人们提供保障与支持，以保持社会的坚强和团结，是政府接下来的三个工作重点。

黄循财总理兼财政部长星期天（11月9日），首次以执政党人民行动党秘书长身份，在该党大会上发表纲领性演讲，为这一届政府工作定下基调。

他说，为了扩大新加坡的外交范围，政府接下来会加快在非洲和拉丁美洲的工作步伐，也将在2026年财政预算案中，回应年轻政务官就经济策略检讨所提出的建议，同时检讨多项社会政策。","Lawrence Wong: Embracing Global Structural Changes to Ensure Singapore's Prosperity and Unity
Ensuring that Singapore secures its place in a changing world, maintains economic competitiveness, and provides assurance and support to its people to uphold social strength and unity are the government's next three priorities.

On Sunday (November 9), Lawrence Wong, Prime Minister and Minister for Finance, delivered a keynote address at the People's Action Party conference, marking his first speech as the party's Secretary-General and setting the tone for this government's work.

He stated that to expand Singapore's diplomatic reach, the government will accelerate its efforts in Africa and Latin America. Additionally, it will respond to suggestions from young civil servants regarding the Economic Strategy Review in the 2026 Budget, while also reviewing several social policies.","Lawrence Wong: Embracing Global Structural Change to Ensure Singapore’s Prosperity and Unity

Ensuring that Singapore maintains its place in a changing world, remains economically competitive, and continues to uphold social strength and unity by providing people with assurance and support will be the government’s three key priorities moving forward.

On Sunday (November 9), Prime Minister and Finance Minister Lawrence Wong delivered a defining speech at the People’s Action Party (PAP) Convention—his first as the party’s Secretary-General—setting the tone for the current government’s work.

He said that to broaden Singapore’s diplomatic reach, the government will accelerate its efforts in Africa and Latin America. In addition, the government will respond in the 2026 Budget to the recommendations made by young political office-holders in their review of economic strategies, while also reviewing several social policies.",https://www.zaobao.com.sg/news/singapore/story20251109-7792218," Minister for Finance (TongTranslate) is the official term.  ChatGPT uses ""Finance Minister"". Economic Strategy Review (Tong Translate) is correct.  ChatGPT uses ""review of economic strategies""."
